{"cameraMode":{"drawMode":0,"name":"Shaded","section":"Shading Mode"},"sceneLighting":false,"audioPlay":false,"sceneViewState":{"showFog":true,"showMaterialUpdate":false,"showSkybox":false,"showFlares":true,"showImageEffects":true,"showParticleSystems":true},"in2DMode":false,"pivot":{"x":-5.449999809265137,"y":0.9357282519340515,"z":2.9100000858306886},"rotation":{"x":0.2505977153778076,"y":0.03832652047276497,"z":-0.009928847663104535,"w":0.9672844409942627},"size":1.189535140991211,"orthographic":false}